{"century": [21.0, 21.0, 21.0], "day": [1.0, 1.0, 1.0], "decade": [2.0, 2.0, 2.0], "degrees": [1.0, 1.0, 1.0], "hour": [1.0, 24.0, 6.038461538461538], "joule": [1.0, 7.0, 1.1935483870967742], "kilometer": [16.0, 12000.0, 681.7777777777778], "meter": [1.0, 1.2, 1.1571428571428573], "metre": [1.0, 1.0, 1.0], "millimeter": [16.0, 16.0, 16.0], "minute": [5.0, 5.0, 5.0], "month": [1.0, 12.0, 5.111111111111111], "season": [2.0, 2.0, 2.0], "week": [1.0, 1.0, 1.0], "year": [1.0, 42.0, 17.576923076923077]}